"","SAMN26729713","20MP010425-WI-M3453-201110","20MP010444-WI-M5194-201116_S17","SAMEA3531785","SAMN16828084","SAMN16828086","SAMN16828091","SAMN16828092","SAMN16828093","SAMN16828094","SAMN16828096","SAMN16828097","SAMN16828098","SAMN16828099","SAMN16828100","SAMN16828101","SAMN16828102","SAMN16828103","SAMN16828104","SAMN16828105","SAMN17309416","SAMN17309417","SAMN17309419","SAMN17309420","SAMN17309421","SAMN17309422","SAMN17309423","SAMN17309424","SAMN17309426","SAMN17309427","SAMN17309428","SAMN17309429","SAMN17309430","SAMN17309431","SAMN17309432","SAMN17309433","SAMN17309434","SAMN17309435","SAMN17309437","SAMN17309438","SAMN17309439","SAMN17309440","SAMN17608175","SAMN17608176","SAMN18589841","SAMN18589842","SAMN18589843","SAMN18589845","SAMN18589846","SAMN18589847","SAMN18589848","SAMN18683843","SAMN18683844","SAMN18683845","SAMN18683846","SAMN18683848","SAMN18683849","SAMN18683850","SAMN18683851","SAMN18683852","SAMN18683853","SAMN20104172","SAMN20104174","SAMN20104176","SAMN20104177","SAMN20104178","SAMN20104180","SAMN20104181","SAMN20104182","SAMN20104183","SAMN21919086","SAMN21919087","SAMN21919088","SAMN21919089","SAMN21919090","SAMN21919092","SAMN21919093","SAMN21919094","SAMN21919095","SAMN21919097","SAMN24979396","SAMN24979397","SAMN24979398","SAMN24979400","SAMN24979401","SAMN24979402","SAMN24979404","SAMN24979405","SAMN24979406","SAMN24979409","SAMN24979410","SAMN24979412","SAMN24979413","SAMN24979415","SAMN26729711","SAMN26729714","SAMN26729715","SAMN26729717","SAMN26748218","SAMN27545026","SAMN27545034","SAMN29577044","SAMN29577052","SAMN29577053","SAMN29577054"
"SAMN26729713",0,5,5,0,5,5,5,5,5,6,6,6,6,6,6,0,5,5,5,5,5,5,6,6,6,5,5,5,6,6,6,5,9,5,5,7,5,6,7,7,5,5,6,6,5,5,5,5,5,5,5,9,6,5,6,6,5,5,6,5,6,6,6,5,5,5,5,5,6,5,5,5,6,6,6,5,5,5,5,5,5,5,5,5,5,6,6,5,5,5,6,5,5,6,6,6,5,5,5,6,5,5,5,5,6
"20MP010425-WI-M3453-201110",5,0,11,0,5,7,8,8,8,5,5,5,5,5,5,0,9,9,11,11,11,11,5,5,5,11,11,11,5,5,5,11,5,11,5,5,11,5,5,5,11,11,5,5,11,12,11,11,11,11,11,5,5,11,5,5,11,11,5,11,5,5,5,12,12,11,11,12,5,12,11,11,11,11,11,10,11,11,11,11,11,11,11,11,11,11,11,11,12,11,12,12,11,12,5,5,12,11,10,11,12,11,12,12,12
"20MP010444-WI-M5194-201116_S17",5,11,0,0,5,7,8,8,8,5,5,5,5,5,5,0,9,9,11,11,11,11,5,5,5,11,11,11,5,5,5,11,5,11,5,5,11,5,5,5,11,11,5,5,11,11,11,11,15,11,11,5,5,11,5,5,11,11,5,11,5,5,5,11,11,11,11,11,5,11,11,11,11,11,11,10,11,11,11,11,11,11,11,11,11,11,11,11,11,11,11,11,11,11,5,5,11,11,10,11,11,10,11,11,11
"SAMEA3531785",0,0,0,0,0,0,0,0,0,0,0,0,0,0,0,0,0,0,0,0,0,0,0,0,0,0,0,0,0,0,0,0,0,0,0,0,0,0,0,0,0,0,0,0,0,0,0,0,0,0,0,0,0,0,0,0,0,0,0,0,0,0,0,0,0,0,0,0,0,0,0,0,0,0,0,0,0,0,0,0,0,0,0,0,0,0,0,0,0,0,0,0,0,0,0,0,0,0,0,0,0,0,0,0,0
"SAMN16828084",5,5,5,0,0,5,5,5,5,5,5,5,5,5,5,0,5,5,5,5,5,5,5,5,5,5,5,5,5,5,5,5,5,5,5,5,5,5,5,5,5,5,5,5,5,5,5,5,5,5,5,5,5,5,5,5,5,5,5,5,5,5,5,5,5,5,5,5,5,5,5,5,5,5,5,5,5,5,5,5,5,5,5,5,5,5,5,5,5,5,5,5,5,5,5,5,5,5,5,5,5,5,5,5,5
"SAMN16828086",5,7,7,0,5,0,7,7,7,5,5,5,5,5,5,0,7,7,7,7,7,7,5,5,5,7,7,7,5,5,5,7,5,7,5,5,7,5,5,5,7,7,5,5,7,7,7,7,7,7,7,5,5,7,5,5,7,7,5,7,5,5,5,7,7,7,7,7,5,7,7,7,7,7,7,7,7,7,7,7,7,7,7,7,7,7,7,7,7,7,7,7,7,7,5,5,7,7,7,7,7,7,7,7,7
"SAMN16828091",5,8,8,0,5,7,0,8,8,5,5,5,5,5,5,0,8,8,8,8,8,8,5,5,5,8,8,8,5,5,5,8,5,8,5,5,8,5,5,5,8,8,5,5,8,8,8,8,8,8,8,5,5,8,5,5,8,8,5,8,5,5,5,8,8,8,8,8,5,8,8,8,8,8,8,8,8,8,8,8,8,8,8,8,8,8,8,8,8,8,8,8,8,8,5,5,8,8,8,8,8,8,8,8,8
"SAMN16828092",5,8,8,0,5,7,8,0,8,5,5,5,5,5,5,0,8,8,8,8,8,8,5,5,5,8,8,8,5,5,5,8,5,8,5,5,8,5,5,5,8,8,5,5,8,8,8,8,8,8,8,5,5,8,5,5,8,8,5,8,5,5,5,8,8,8,8,8,5,8,8,8,8,8,8,8,8,8,8,8,8,8,8,8,8,8,8,8,8,8,8,8,8,8,5,5,8,8,8,8,8,8,8,8,8
"SAMN16828093",5,8,8,0,5,7,8,8,0,5,5,5,5,5,5,0,8,8,8,8,8,8,5,5,5,8,8,8,5,5,5,8,5,8,5,5,8,5,5,5,8,8,5,5,8,8,8,8,8,8,8,5,5,8,5,5,8,8,5,8,5,5,5,8,8,8,8,8,5,8,8,8,8,8,8,8,8,8,8,8,8,8,8,8,8,8,8,8,8,8,8,8,8,8,5,5,8,8,8,8,8,8,8,8,8
"SAMN16828094",6,5,5,0,5,5,5,5,5,0,6,6,6,6,6,0,5,5,5,5,5,5,6,6,6,5,5,5,6,6,6,5,6,5,5,6,5,6,6,6,5,5,6,6,5,5,5,5,5,5,5,6,6,5,6,6,5,5,6,5,6,6,6,5,5,5,5,5,6,5,5,5,5,5,5,5,5,5,5,5,5,5,5,5,5,5,5,5,5,5,5,5,5,5,6,6,5,5,5,5,5,5,5,5,5
"SAMN16828096",6,5,5,0,5,5,5,5,5,6,0,6,6,6,6,0,5,5,5,5,5,5,6,6,6,5,5,5,6,6,6,5,6,5,5,6,5,6,6,6,5,5,6,6,5,5,5,5,5,5,5,6,6,5,6,6,5,5,6,5,6,6,6,5,5,5,5,5,6,5,5,5,5,5,5,5,5,5,5,5,5,5,5,5,5,5,5,5,5,5,5,5,5,5,6,6,5,5,5,5,5,5,5,5,5
"SAMN16828097",6,5,5,0,5,5,5,5,5,6,6,0,6,6,6,0,5,5,5,5,5,5,6,6,6,5,5,5,6,7,6,5,6,5,5,6,5,6,6,6,5,5,6,6,5,5,5,5,5,5,5,6,6,5,6,6,5,5,7,5,6,7,6,5,5,5,5,5,7,5,5,5,5,5,5,5,5,5,5,5,5,5,5,5,5,5,5,5,5,5,5,5,5,5,6,6,5,5,5,5,5,5,5,5,5
"SAMN16828098",6,5,5,0,5,5,5,5,5,6,6,6,0,6,6,0,5,5,5,5,5,5,6,6,6,5,5,5,6,6,6,5,6,5,5,6,5,6,6,6,5,5,6,6,5,5,5,5,5,5,5,6,6,5,6,6,5,5,6,5,6,6,6,5,5,5,5,5,6,5,5,5,5,5,5,5,5,5,5,5,5,5,5,5,5,5,5,5,5,5,5,5,5,5,6,6,5,5,5,5,5,5,5,5,5
"SAMN16828099",6,5,5,0,5,5,5,5,5,6,6,6,6,0,6,0,5,5,5,5,5,5,6,6,6,5,5,5,6,6,6,5,6,5,5,6,5,6,6,6,5,5,6,6,5,5,5,5,5,5,5,6,6,5,6,6,5,5,6,5,6,6,6,5,5,5,5,5,6,5,5,5,5,5,5,5,5,5,5,5,5,5,5,5,5,5,5,5,5,5,5,5,5,5,6,6,5,5,5,5,5,5,5,5,5
"SAMN16828100",6,5,5,0,5,5,5,5,5,6,6,6,6,6,0,0,5,5,5,5,5,5,6,6,6,5,5,5,6,6,6,5,6,5,5,6,5,6,6,6,5,5,6,6,5,5,5,5,5,5,5,6,6,5,6,6,5,5,6,5,6,6,6,5,5,5,5,5,6,5,5,5,5,5,5,5,5,5,5,5,5,5,5,5,5,5,5,5,5,5,5,5,5,5,6,6,5,5,5,5,5,5,5,5,5
"SAMN16828101",0,0,0,0,0,0,0,0,0,0,0,0,0,0,0,0,0,0,0,0,0,0,0,0,0,0,0,0,0,0,0,0,0,0,0,0,0,0,0,0,0,0,0,0,0,0,0,0,0,0,0,0,0,0,0,0,0,0,0,0,0,0,0,0,0,0,0,0,0,0,0,0,0,0,0,0,0,0,0,0,0,0,0,0,0,0,0,0,0,0,0,0,0,0,0,0,0,0,0,0,0,0,0,0,0
"SAMN16828102",5,9,9,0,5,7,8,8,8,5,5,5,5,5,5,0,0,9,9,9,9,9,5,5,5,9,9,9,5,5,5,9,5,9,5,5,9,5,5,5,9,9,5,5,9,9,9,9,9,9,9,5,5,9,5,5,9,9,5,9,5,5,5,9,9,9,9,9,5,9,9,9,9,9,9,9,9,9,9,9,9,9,9,9,9,9,9,9,9,9,9,9,9,9,5,5,9,9,9,9,9,9,9,9,9
"SAMN16828103",5,9,9,0,5,7,8,8,8,5,5,5,5,5,5,0,9,0,9,9,9,9,5,5,5,9,9,9,5,5,5,9,5,9,5,5,9,5,5,5,9,9,5,5,9,9,9,9,9,9,9,5,5,9,5,5,9,9,5,9,5,5,5,9,9,9,9,9,5,9,9,9,9,9,9,9,9,9,9,9,9,9,9,9,9,9,9,9,9,9,9,9,9,9,5,5,9,9,9,9,9,9,9,9,9
"SAMN16828104",5,11,11,0,5,7,8,8,8,5,5,5,5,5,5,0,9,9,0,11,11,11,5,5,5,11,11,11,5,5,5,11,5,11,5,5,11,5,5,5,11,11,5,5,11,11,11,11,11,11,11,5,5,11,5,5,11,11,5,11,5,5,5,11,11,11,11,11,5,11,11,11,11,11,11,10,11,11,11,11,11,11,11,11,11,11,11,11,11,11,11,11,11,11,5,5,11,11,10,11,11,10,11,11,11
"SAMN16828105",5,11,11,0,5,7,8,8,8,5,5,5,5,5,5,0,9,9,11,0,11,13,5,5,5,13,11,13,5,5,5,11,5,12,5,5,11,5,5,5,11,11,5,5,11,11,11,11,11,12,12,5,5,12,5,5,12,11,5,11,5,5,5,11,11,11,11,11,5,11,11,11,12,11,11,11,12,12,12,11,12,12,12,11,12,12,11,11,11,12,11,11,12,11,5,5,11,11,10,11,11,10,11,11,11
"SAMN17309416",5,11,11,0,5,7,8,8,8,5,5,5,5,5,5,0,9,9,11,11,0,11,5,5,5,11,11,11,5,5,5,11,5,11,5,5,11,5,5,5,11,11,5,5,11,11,11,11,11,11,11,5,5,11,5,5,11,11,5,11,5,5,5,11,11,11,11,11,5,11,11,11,11,11,11,10,11,11,11,11,11,11,11,11,11,11,11,11,11,11,11,11,11,11,5,5,11,11,10,11,11,10,11,11,11
"SAMN17309417",5,11,11,0,5,7,8,8,8,5,5,5,5,5,5,0,9,9,11,13,11,0,5,5,5,13,11,13,5,5,5,11,5,12,5,5,11,5,5,5,11,11,5,5,11,11,11,11,11,12,12,5,5,12,5,5,12,11,5,11,5,5,5,11,11,11,11,11,5,11,11,11,12,11,11,11,12,12,12,11,12,12,12,11,12,12,11,11,11,12,11,11,12,11,5,5,11,11,10,11,11,10,11,11,11
"SAMN17309419",6,5,5,0,5,5,5,5,5,6,6,6,6,6,6,0,5,5,5,5,5,5,0,6,6,5,5,5,6,6,6,5,6,5,5,6,5,6,6,6,5,5,6,6,5,5,5,5,5,5,5,6,6,5,6,6,5,5,6,5,6,6,6,5,5,5,5,5,6,5,5,5,5,5,5,5,5,5,5,5,5,5,5,5,5,5,5,5,5,5,5,5,5,5,6,6,5,5,5,5,5,5,5,5,5
"SAMN17309420",6,5,5,0,5,5,5,5,5,6,6,6,6,6,6,0,5,5,5,5,5,5,6,0,6,5,5,5,6,6,6,5,6,5,5,6,5,6,6,6,5,5,6,6,5,5,5,5,5,5,5,6,6,5,6,6,5,5,6,5,6,6,6,5,5,5,5,5,6,5,5,5,5,5,5,5,5,5,5,5,5,5,5,5,5,5,5,5,5,5,5,5,5,5,6,6,5,5,5,5,5,5,5,5,5
"SAMN17309421",6,5,5,0,5,5,5,5,5,6,6,6,6,6,6,0,5,5,5,5,5,5,6,6,0,5,5,5,6,6,6,5,6,5,5,6,5,6,6,6,5,5,6,6,5,5,5,5,5,5,5,6,6,5,6,6,5,5,6,5,6,6,6,5,5,5,5,5,6,5,5,5,5,5,5,5,5,5,5,5,5,5,5,5,5,5,5,5,5,5,5,5,5,5,6,6,5,5,5,5,5,5,5,5,5
"SAMN17309422",5,11,11,0,5,7,8,8,8,5,5,5,5,5,5,0,9,9,11,13,11,13,5,5,5,0,11,15,5,5,5,11,5,12,5,5,11,5,5,5,11,11,5,5,11,11,11,11,11,12,12,5,5,12,5,5,12,11,5,11,5,5,5,11,11,11,11,11,5,11,11,11,12,11,11,11,12,12,12,11,12,12,12,11,12,12,11,11,11,12,11,11,12,11,5,5,11,11,10,11,11,10,11,11,11
"SAMN17309423",5,11,11,0,5,7,8,8,8,5,5,5,5,5,5,0,9,9,11,11,11,11,5,5,5,11,0,11,5,5,5,11,5,11,5,5,11,5,5,5,11,11,5,5,11,11,11,11,11,11,11,5,5,11,5,5,11,11,5,11,5,5,5,11,11,11,11,11,5,11,11,11,11,11,11,10,11,11,11,11,11,11,11,11,11,11,11,11,11,11,11,11,11,11,5,5,11,11,10,11,11,10,11,11,11
"SAMN17309424",5,11,11,0,5,7,8,8,8,5,5,5,5,5,5,0,9,9,11,13,11,13,5,5,5,15,11,0,5,5,5,11,5,12,5,5,11,5,5,5,11,11,5,5,11,11,11,11,11,12,12,5,5,12,5,5,12,11,5,11,5,5,5,11,11,11,11,11,5,11,11,11,12,11,11,11,12,12,12,11,12,12,12,11,12,12,11,11,11,12,11,11,12,11,5,5,11,11,10,11,11,10,11,11,11
"SAMN17309426",6,5,5,0,5,5,5,5,5,6,6,6,6,6,6,0,5,5,5,5,5,5,6,6,6,5,5,5,0,6,6,5,6,5,5,6,5,6,6,6,5,5,6,6,5,5,5,5,5,5,5,6,6,5,6,6,5,5,6,5,6,6,6,5,5,5,5,5,6,5,5,5,5,5,5,5,5,5,5,5,5,5,5,5,5,5,5,5,5,5,5,5,5,5,6,6,5,5,5,5,5,5,5,5,5
"SAMN17309427",6,5,5,0,5,5,5,5,5,6,6,7,6,6,6,0,5,5,5,5,5,5,6,6,6,5,5,5,6,0,6,5,6,5,5,6,5,6,6,6,5,5,6,6,5,5,5,5,5,5,5,6,6,5,6,6,5,5,7,5,6,7,6,5,5,5,5,5,7,5,5,5,5,5,5,5,5,5,5,5,5,5,5,5,5,5,5,5,5,5,5,5,5,5,6,6,5,5,5,5,5,5,5,5,5
"SAMN17309428",6,5,5,0,5,5,5,5,5,6,6,6,6,6,6,0,5,5,5,5,5,5,6,6,6,5,5,5,6,6,0,5,6,5,5,6,5,6,6,6,5,5,6,6,5,5,5,5,5,5,5,6,6,5,6,6,5,5,6,5,7,6,6,5,5,5,5,5,6,5,5,5,5,5,5,5,5,5,5,5,5,5,5,5,5,5,5,5,5,5,5,5,5,5,6,6,5,5,5,5,5,5,5,5,5
"SAMN17309429",5,11,11,0,5,7,8,8,8,5,5,5,5,5,5,0,9,9,11,11,11,11,5,5,5,11,11,11,5,5,5,0,5,11,5,5,11,5,5,5,11,11,5,5,11,11,11,17,11,11,11,5,5,11,5,5,11,11,5,11,5,5,5,11,11,11,11,11,5,11,11,11,11,11,11,10,11,11,11,11,11,11,11,11,11,11,11,11,11,11,11,11,11,11,5,5,11,11,10,11,11,10,11,11,11
"SAMN17309430",9,5,5,0,5,5,5,5,5,6,6,6,6,6,6,0,5,5,5,5,5,5,6,6,6,5,5,5,6,6,6,5,0,5,5,6,5,6,7,7,5,5,6,6,5,5,5,5,5,5,5,9,6,5,6,6,5,5,6,5,6,6,6,5,5,5,5,5,6,5,5,5,5,5,5,5,5,5,5,5,5,5,5,5,5,5,5,5,5,5,5,5,5,5,6,6,5,5,5,5,5,5,5,5,5
"SAMN17309431",5,11,11,0,5,7,8,8,8,5,5,5,5,5,5,0,9,9,11,12,11,12,5,5,5,12,11,12,5,5,5,11,5,0,5,5,11,5,5,5,11,11,5,5,11,11,11,11,11,15,16,5,5,16,5,5,16,11,5,11,5,5,5,11,11,11,11,11,5,11,11,11,16,11,11,15,16,16,16,11,16,16,16,11,16,16,11,11,11,16,11,11,16,11,5,5,11,11,10,11,11,10,11,11,11
"SAMN17309432",5,5,5,0,5,5,5,5,5,5,5,5,5,5,5,0,5,5,5,5,5,5,5,5,5,5,5,5,5,5,5,5,5,5,0,5,5,5,5,5,5,5,5,5,5,5,5,5,5,5,5,5,5,5,5,5,5,5,5,5,5,5,5,5,5,5,5,5,5,5,5,5,5,5,5,5,5,5,5,5,5,5,5,5,5,5,5,5,5,5,5,5,5,5,5,5,5,5,5,5,5,5,5,5,5
"SAMN17309433",7,5,5,0,5,5,5,5,5,6,6,6,6,6,6,0,5,5,5,5,5,5,6,6,6,5,5,5,6,6,6,5,6,5,5,0,5,6,6,6,5,5,6,6,5,5,5,5,5,5,5,6,6,5,6,6,5,5,6,5,6,6,6,5,5,5,5,5,6,5,5,5,6,6,6,5,5,5,5,5,5,5,5,5,5,6,6,5,5,5,6,5,5,6,6,6,5,5,5,6,5,5,5,5,6
"SAMN17309434",5,11,11,0,5,7,8,8,8,5,5,5,5,5,5,0,9,9,11,11,11,11,5,5,5,11,11,11,5,5,5,11,5,11,5,5,0,5,5,5,11,11,5,5,11,11,11,11,11,11,11,5,5,11,5,5,11,11,5,11,5,5,5,11,11,11,11,11,5,11,11,11,11,11,11,10,11,11,11,11,11,11,11,11,11,11,11,11,11,11,11,11,11,11,5,5,11,11,10,11,11,10,11,11,11
"SAMN17309435",6,5,5,0,5,5,5,5,5,6,6,6,6,6,6,0,5,5,5,5,5,5,6,6,6,5,5,5,6,6,6,5,6,5,5,6,5,0,6,6,5,5,6,6,5,5,5,5,5,5,5,6,6,5,6,6,5,5,6,5,6,6,6,5,5,5,5,5,6,5,5,5,5,5,5,5,5,5,5,5,5,5,5,5,5,5,5,5,5,5,5,5,5,5,6,6,5,5,5,5,5,5,5,5,5
"SAMN17309437",7,5,5,0,5,5,5,5,5,6,6,6,6,6,6,0,5,5,5,5,5,5,6,6,6,5,5,5,6,6,6,5,7,5,5,6,5,6,0,8,5,5,6,6,5,5,5,5,5,5,5,7,6,5,6,6,5,5,6,5,6,6,6,5,5,5,5,5,6,5,5,5,5,5,5,5,5,5,5,5,5,5,5,5,5,5,5,5,5,5,5,5,5,5,6,6,5,5,5,5,5,5,5,5,5
"SAMN17309438",7,5,5,0,5,5,5,5,5,6,6,6,6,6,6,0,5,5,5,5,5,5,6,6,6,5,5,5,6,6,6,5,7,5,5,6,5,6,8,0,5,5,6,6,5,5,5,5,5,5,5,7,6,5,6,6,5,5,6,5,6,6,6,5,5,5,5,5,6,5,5,5,5,5,5,5,5,5,5,5,5,5,5,5,5,5,5,5,5,5,5,5,5,5,6,6,5,5,5,5,5,5,5,5,5
"SAMN17309439",5,11,11,0,5,7,8,8,8,5,5,5,5,5,5,0,9,9,11,11,11,11,5,5,5,11,11,11,5,5,5,11,5,11,5,5,11,5,5,5,0,11,5,5,11,11,11,11,11,11,11,5,5,11,5,5,11,11,5,11,5,5,5,11,11,11,11,11,5,11,11,11,11,11,11,10,11,11,11,11,11,11,11,11,11,11,11,11,11,11,11,11,11,11,5,5,11,11,10,11,11,10,11,11,11
"SAMN17309440",5,11,11,0,5,7,8,8,8,5,5,5,5,5,5,0,9,9,11,11,11,11,5,5,5,11,11,11,5,5,5,11,5,11,5,5,11,5,5,5,11,0,5,5,11,11,11,11,11,11,11,5,5,11,5,5,11,11,5,11,5,5,5,11,11,11,11,11,5,11,11,11,11,11,11,10,11,11,11,11,11,11,11,11,11,11,11,11,11,11,11,11,11,11,5,5,11,11,10,11,11,10,11,11,11
"SAMN17608175",6,5,5,0,5,5,5,5,5,6,6,6,6,6,6,0,5,5,5,5,5,5,6,6,6,5,5,5,6,6,6,5,6,5,5,6,5,6,6,6,5,5,0,6,5,5,5,5,5,5,5,6,6,5,7,6,5,5,6,5,6,6,6,5,5,5,5,5,6,5,5,5,5,5,5,5,5,5,5,5,5,5,5,5,5,5,5,5,5,5,5,5,5,5,6,6,5,5,5,5,5,5,5,5,5
"SAMN17608176",6,5,5,0,5,5,5,5,5,6,6,6,6,6,6,0,5,5,5,5,5,5,6,6,6,5,5,5,6,6,6,5,6,5,5,6,5,6,6,6,5,5,6,0,5,5,5,5,5,5,5,6,6,5,6,6,5,5,6,5,6,6,9,5,5,5,5,5,6,5,5,5,5,5,5,5,5,5,5,5,5,5,5,5,5,5,5,5,5,5,5,5,5,5,6,6,5,5,5,5,5,5,5,5,5
"SAMN18589841",5,11,11,0,5,7,8,8,8,5,5,5,5,5,5,0,9,9,11,11,11,11,5,5,5,11,11,11,5,5,5,11,5,11,5,5,11,5,5,5,11,11,5,5,0,11,14,11,11,11,11,5,5,11,5,5,11,11,5,11,5,5,5,11,11,11,11,11,5,11,11,11,11,11,11,10,11,11,11,11,11,11,11,11,11,11,11,11,11,11,11,11,11,11,5,5,11,11,10,11,11,10,11,11,11
"SAMN18589842",5,12,11,0,5,7,8,8,8,5,5,5,5,5,5,0,9,9,11,11,11,11,5,5,5,11,11,11,5,5,5,11,5,11,5,5,11,5,5,5,11,11,5,5,11,0,11,11,11,11,11,5,5,11,5,5,11,11,5,11,5,5,5,12,12,11,11,12,5,12,11,11,11,11,11,10,11,11,11,11,11,11,11,11,11,11,11,11,12,11,12,12,11,12,5,5,12,11,10,11,12,11,12,12,12
"SAMN18589843",5,11,11,0,5,7,8,8,8,5,5,5,5,5,5,0,9,9,11,11,11,11,5,5,5,11,11,11,5,5,5,11,5,11,5,5,11,5,5,5,11,11,5,5,14,11,0,11,11,11,11,5,5,11,5,5,11,11,5,11,5,5,5,11,11,11,11,11,5,11,11,11,11,11,11,10,11,11,11,11,11,11,11,11,11,11,11,11,11,11,11,11,11,11,5,5,11,11,10,11,11,10,11,11,11
"SAMN18589845",5,11,11,0,5,7,8,8,8,5,5,5,5,5,5,0,9,9,11,11,11,11,5,5,5,11,11,11,5,5,5,17,5,11,5,5,11,5,5,5,11,11,5,5,11,11,11,0,11,11,11,5,5,11,5,5,11,11,5,11,5,5,5,11,11,11,11,11,5,11,11,11,11,11,11,10,11,11,11,11,11,11,11,11,11,11,11,11,11,11,11,11,11,11,5,5,11,11,10,11,11,10,11,11,11
"SAMN18589846",5,11,15,0,5,7,8,8,8,5,5,5,5,5,5,0,9,9,11,11,11,11,5,5,5,11,11,11,5,5,5,11,5,11,5,5,11,5,5,5,11,11,5,5,11,11,11,11,0,11,11,5,5,11,5,5,11,11,5,11,5,5,5,11,11,11,11,11,5,11,11,11,11,11,11,10,11,11,11,11,11,11,11,11,11,11,11,11,11,11,11,11,11,11,5,5,11,11,10,11,11,10,11,11,11
"SAMN18589847",5,11,11,0,5,7,8,8,8,5,5,5,5,5,5,0,9,9,11,12,11,12,5,5,5,12,11,12,5,5,5,11,5,15,5,5,11,5,5,5,11,11,5,5,11,11,11,11,11,0,15,5,5,15,5,5,15,11,5,11,5,5,5,11,11,11,11,11,5,11,11,11,15,11,11,14,15,15,15,11,15,15,15,11,15,15,11,11,11,15,11,11,15,11,5,5,11,11,10,11,11,10,11,11,11
"SAMN18589848",5,11,11,0,5,7,8,8,8,5,5,5,5,5,5,0,9,9,11,12,11,12,5,5,5,12,11,12,5,5,5,11,5,16,5,5,11,5,5,5,11,11,5,5,11,11,11,11,11,15,0,5,5,16,5,5,16,11,5,11,5,5,5,11,11,11,11,11,5,11,11,11,16,11,11,15,16,16,16,11,16,16,16,11,16,16,11,11,11,16,11,11,16,11,5,5,11,11,10,11,11,10,11,11,11
"SAMN18683843",9,5,5,0,5,5,5,5,5,6,6,6,6,6,6,0,5,5,5,5,5,5,6,6,6,5,5,5,6,6,6,5,9,5,5,6,5,6,7,7,5,5,6,6,5,5,5,5,5,5,5,0,6,5,6,6,5,5,6,5,6,6,6,5,5,5,5,5,6,5,5,5,5,5,5,5,5,5,5,5,5,5,5,5,5,5,5,5,5,5,5,5,5,5,6,6,5,5,5,5,5,5,5,5,5
"SAMN18683844",6,5,5,0,5,5,5,5,5,6,6,6,6,6,6,0,5,5,5,5,5,5,6,6,6,5,5,5,6,6,6,5,6,5,5,6,5,6,6,6,5,5,6,6,5,5,5,5,5,5,5,6,0,5,6,6,5,5,6,5,6,6,6,5,5,5,5,5,6,5,5,5,5,5,5,5,5,5,5,5,5,5,5,5,5,5,5,5,5,5,5,5,5,5,6,6,5,5,5,5,5,5,5,5,5
"SAMN18683845",5,11,11,0,5,7,8,8,8,5,5,5,5,5,5,0,9,9,11,12,11,12,5,5,5,12,11,12,5,5,5,11,5,16,5,5,11,5,5,5,11,11,5,5,11,11,11,11,11,15,16,5,5,0,5,5,16,11,5,11,5,5,5,11,11,11,11,11,5,11,11,11,16,11,11,15,16,16,16,11,16,16,16,11,16,16,11,11,11,16,11,11,16,11,5,5,11,11,10,11,11,10,11,11,11
"SAMN18683846",6,5,5,0,5,5,5,5,5,6,6,6,6,6,6,0,5,5,5,5,5,5,6,6,6,5,5,5,6,6,6,5,6,5,5,6,5,6,6,6,5,5,7,6,5,5,5,5,5,5,5,6,6,5,0,6,5,5,6,5,6,6,6,5,5,5,5,5,6,5,5,5,5,5,5,5,5,5,5,5,5,5,5,5,5,5,5,5,5,5,5,5,5,5,6,6,5,5,5,5,5,5,5,5,5
"SAMN18683848",6,5,5,0,5,5,5,5,5,6,6,6,6,6,6,0,5,5,5,5,5,5,6,6,6,5,5,5,6,6,6,5,6,5,5,6,5,6,6,6,5,5,6,6,5,5,5,5,5,5,5,6,6,5,6,0,5,5,6,5,6,6,6,5,5,5,5,5,6,5,5,5,5,5,5,5,5,5,5,5,5,5,5,5,5,5,5,5,5,5,5,5,5,5,6,6,5,5,5,5,5,5,5,5,5
"SAMN18683849",5,11,11,0,5,7,8,8,8,5,5,5,5,5,5,0,9,9,11,12,11,12,5,5,5,12,11,12,5,5,5,11,5,16,5,5,11,5,5,5,11,11,5,5,11,11,11,11,11,15,16,5,5,16,5,5,0,11,5,11,5,5,5,11,11,11,11,11,5,11,11,11,17,11,11,16,17,17,17,11,17,17,17,11,17,17,11,11,11,17,11,11,17,11,5,5,11,11,10,11,11,10,11,11,11
"SAMN18683850",5,11,11,0,5,7,8,8,8,5,5,5,5,5,5,0,9,9,11,11,11,11,5,5,5,11,11,11,5,5,5,11,5,11,5,5,11,5,5,5,11,11,5,5,11,11,11,11,11,11,11,5,5,11,5,5,11,0,5,14,5,5,5,11,11,14,14,11,5,11,15,14,11,14,14,10,11,11,11,14,11,11,11,15,11,11,15,15,11,11,11,11,11,11,5,5,11,15,14,15,11,10,11,11,11
"SAMN18683851",6,5,5,0,5,5,5,5,5,6,6,7,6,6,6,0,5,5,5,5,5,5,6,6,6,5,5,5,6,7,6,5,6,5,5,6,5,6,6,6,5,5,6,6,5,5,5,5,5,5,5,6,6,5,6,6,5,5,0,5,6,9,6,5,5,5,5,5,7,5,5,5,5,5,5,5,5,5,5,5,5,5,5,5,5,5,5,5,5,5,5,5,5,5,6,6,5,5,5,5,5,5,5,5,5
"SAMN18683852",5,11,11,0,5,7,8,8,8,5,5,5,5,5,5,0,9,9,11,11,11,11,5,5,5,11,11,11,5,5,5,11,5,11,5,5,11,5,5,5,11,11,5,5,11,11,11,11,11,11,11,5,5,11,5,5,11,14,5,0,5,5,5,11,11,14,14,11,5,11,14,14,11,14,14,10,11,11,11,14,11,11,11,14,11,11,14,14,11,11,11,11,11,11,5,5,11,14,13,14,11,10,11,11,11
"SAMN18683853",6,5,5,0,5,5,5,5,5,6,6,6,6,6,6,0,5,5,5,5,5,5,6,6,6,5,5,5,6,6,7,5,6,5,5,6,5,6,6,6,5,5,6,6,5,5,5,5,5,5,5,6,6,5,6,6,5,5,6,5,0,6,6,5,5,5,5,5,6,5,5,5,5,5,5,5,5,5,5,5,5,5,5,5,5,5,5,5,5,5,5,5,5,5,6,6,5,5,5,5,5,5,5,5,5
"SAMN20104172",6,5,5,0,5,5,5,5,5,6,6,7,6,6,6,0,5,5,5,5,5,5,6,6,6,5,5,5,6,7,6,5,6,5,5,6,5,6,6,6,5,5,6,6,5,5,5,5,5,5,5,6,6,5,6,6,5,5,9,5,6,0,6,5,5,5,5,5,7,5,5,5,5,5,5,5,5,5,5,5,5,5,5,5,5,5,5,5,5,5,5,5,5,5,6,6,5,5,5,5,5,5,5,5,5
"SAMN20104174",6,5,5,0,5,5,5,5,5,6,6,6,6,6,6,0,5,5,5,5,5,5,6,6,6,5,5,5,6,6,6,5,6,5,5,6,5,6,6,6,5,5,6,9,5,5,5,5,5,5,5,6,6,5,6,6,5,5,6,5,6,6,0,5,5,5,5,5,6,5,5,5,5,5,5,5,5,5,5,5,5,5,5,5,5,5,5,5,5,5,5,5,5,5,6,6,5,5,5,5,5,5,5,5,5
"SAMN20104176",5,12,11,0,5,7,8,8,8,5,5,5,5,5,5,0,9,9,11,11,11,11,5,5,5,11,11,11,5,5,5,11,5,11,5,5,11,5,5,5,11,11,5,5,11,12,11,11,11,11,11,5,5,11,5,5,11,11,5,11,5,5,5,0,13,11,11,13,5,13,11,11,11,11,11,10,11,11,11,11,11,11,11,11,11,11,11,11,13,11,13,13,11,13,5,5,13,11,10,11,13,12,13,13,13
"SAMN20104177",5,12,11,0,5,7,8,8,8,5,5,5,5,5,5,0,9,9,11,11,11,11,5,5,5,11,11,11,5,5,5,11,5,11,5,5,11,5,5,5,11,11,5,5,11,12,11,11,11,11,11,5,5,11,5,5,11,11,5,11,5,5,5,13,0,11,11,13,5,13,11,11,11,11,11,10,11,11,11,11,11,11,11,11,11,11,11,11,13,11,13,13,11,13,5,5,13,11,10,11,13,12,13,13,13
"SAMN20104178",5,11,11,0,5,7,8,8,8,5,5,5,5,5,5,0,9,9,11,11,11,11,5,5,5,11,11,11,5,5,5,11,5,11,5,5,11,5,5,5,11,11,5,5,11,11,11,11,11,11,11,5,5,11,5,5,11,14,5,14,5,5,5,11,11,0,14,11,5,11,14,14,11,14,14,10,11,11,11,14,11,11,11,14,11,11,14,14,11,11,11,11,11,11,5,5,11,14,13,14,11,10,11,11,11
"SAMN20104180",5,11,11,0,5,7,8,8,8,5,5,5,5,5,5,0,9,9,11,11,11,11,5,5,5,11,11,11,5,5,5,11,5,11,5,5,11,5,5,5,11,11,5,5,11,11,11,11,11,11,11,5,5,11,5,5,11,14,5,14,5,5,5,11,11,14,0,11,5,11,14,15,11,14,15,10,11,11,11,14,11,11,11,14,11,11,14,14,11,11,11,11,11,11,5,5,11,14,13,14,11,10,11,11,11
"SAMN20104181",5,12,11,0,5,7,8,8,8,5,5,5,5,5,5,0,9,9,11,11,11,11,5,5,5,11,11,11,5,5,5,11,5,11,5,5,11,5,5,5,11,11,5,5,11,12,11,11,11,11,11,5,5,11,5,5,11,11,5,11,5,5,5,13,13,11,11,0,5,13,11,11,11,11,11,10,11,11,11,11,11,11,11,11,11,11,11,11,14,11,14,14,11,14,5,5,13,11,10,11,14,13,14,14,14
"SAMN20104182",6,5,5,0,5,5,5,5,5,6,6,7,6,6,6,0,5,5,5,5,5,5,6,6,6,5,5,5,6,7,6,5,6,5,5,6,5,6,6,6,5,5,6,6,5,5,5,5,5,5,5,6,6,5,6,6,5,5,7,5,6,7,6,5,5,5,5,5,0,5,5,5,5,5,5,5,5,5,5,5,5,5,5,5,5,5,5,5,5,5,5,5,5,5,6,6,5,5,5,5,5,5,5,5,5
"SAMN20104183",5,12,11,0,5,7,8,8,8,5,5,5,5,5,5,0,9,9,11,11,11,11,5,5,5,11,11,11,5,5,5,11,5,11,5,5,11,5,5,5,11,11,5,5,11,12,11,11,11,11,11,5,5,11,5,5,11,11,5,11,5,5,5,13,13,11,11,13,5,0,11,11,11,11,11,10,11,11,11,11,11,11,11,11,11,11,11,11,13,11,13,13,11,13,5,5,13,11,10,11,13,12,13,13,13
"SAMN21919086",5,11,11,0,5,7,8,8,8,5,5,5,5,5,5,0,9,9,11,11,11,11,5,5,5,11,11,11,5,5,5,11,5,11,5,5,11,5,5,5,11,11,5,5,11,11,11,11,11,11,11,5,5,11,5,5,11,15,5,14,5,5,5,11,11,14,14,11,5,11,0,14,11,14,14,10,11,11,11,14,11,11,11,15,11,11,15,15,11,11,11,11,11,11,5,5,11,15,14,15,11,10,11,11,11
"SAMN21919087",5,11,11,0,5,7,8,8,8,5,5,5,5,5,5,0,9,9,11,11,11,11,5,5,5,11,11,11,5,5,5,11,5,11,5,5,11,5,5,5,11,11,5,5,11,11,11,11,11,11,11,5,5,11,5,5,11,14,5,14,5,5,5,11,11,14,15,11,5,11,14,0,11,14,16,10,11,11,11,14,11,11,11,14,11,11,14,14,11,11,11,11,11,11,5,5,11,14,13,14,11,10,11,11,11
"SAMN21919088",6,11,11,0,5,7,8,8,8,5,5,5,5,5,5,0,9,9,11,12,11,12,5,5,5,12,11,12,5,5,5,11,5,16,5,6,11,5,5,5,11,11,5,5,11,11,11,11,11,15,16,5,5,16,5,5,17,11,5,11,5,5,5,11,11,11,11,11,5,11,11,11,0,12,12,18,19,19,19,11,17,17,17,11,17,18,12,11,11,19,12,11,19,12,5,5,11,11,10,12,11,10,11,11,12
"SAMN21919089",6,11,11,0,5,7,8,8,8,5,5,5,5,5,5,0,9,9,11,11,11,11,5,5,5,11,11,11,5,5,5,11,5,11,5,6,11,5,5,5,11,11,5,5,11,11,11,11,11,11,11,5,5,11,5,5,11,14,5,14,5,5,5,11,11,14,14,11,5,11,14,14,12,0,15,10,11,11,11,18,11,11,11,14,11,12,15,14,11,11,12,11,11,12,5,5,11,14,13,15,11,10,11,11,12
"SAMN21919090",6,11,11,0,5,7,8,8,8,5,5,5,5,5,5,0,9,9,11,11,11,11,5,5,5,11,11,11,5,5,5,11,5,11,5,6,11,5,5,5,11,11,5,5,11,11,11,11,11,11,11,5,5,11,5,5,11,14,5,14,5,5,5,11,11,14,15,11,5,11,14,16,12,15,0,10,11,11,11,14,11,11,11,14,11,12,15,14,11,11,12,11,11,12,5,5,11,14,13,15,11,10,11,11,12
"SAMN21919092",5,10,10,0,5,7,8,8,8,5,5,5,5,5,5,0,9,9,10,11,10,11,5,5,5,11,10,11,5,5,5,10,5,15,5,5,10,5,5,5,10,10,5,5,10,10,10,10,10,14,15,5,5,15,5,5,16,10,5,10,5,5,5,10,10,10,10,10,5,10,10,10,18,10,10,0,19,18,18,10,16,16,16,10,16,16,10,10,10,18,10,10,18,10,5,5,10,10,10,10,10,9,10,10,10
"SAMN21919093",5,11,11,0,5,7,8,8,8,5,5,5,5,5,5,0,9,9,11,12,11,12,5,5,5,12,11,12,5,5,5,11,5,16,5,5,11,5,5,5,11,11,5,5,11,11,11,11,11,15,16,5,5,16,5,5,17,11,5,11,5,5,5,11,11,11,11,11,5,11,11,11,19,11,11,19,0,19,19,11,17,17,17,11,17,17,11,11,11,19,11,11,19,11,5,5,11,11,10,11,11,10,11,11,11
"SAMN21919094",5,11,11,0,5,7,8,8,8,5,5,5,5,5,5,0,9,9,11,12,11,12,5,5,5,12,11,12,5,5,5,11,5,16,5,5,11,5,5,5,11,11,5,5,11,11,11,11,11,15,16,5,5,16,5,5,17,11,5,11,5,5,5,11,11,11,11,11,5,11,11,11,19,11,11,18,19,0,19,11,17,17,17,11,17,17,11,11,11,19,11,11,19,11,5,5,11,11,10,11,11,10,11,11,11
"SAMN21919095",5,11,11,0,5,7,8,8,8,5,5,5,5,5,5,0,9,9,11,12,11,12,5,5,5,12,11,12,5,5,5,11,5,16,5,5,11,5,5,5,11,11,5,5,11,11,11,11,11,15,16,5,5,16,5,5,17,11,5,11,5,5,5,11,11,11,11,11,5,11,11,11,19,11,11,18,19,19,0,11,17,17,17,11,17,17,11,11,11,19,11,11,20,11,5,5,11,11,10,11,11,10,11,11,11
"SAMN21919097",5,11,11,0,5,7,8,8,8,5,5,5,5,5,5,0,9,9,11,11,11,11,5,5,5,11,11,11,5,5,5,11,5,11,5,5,11,5,5,5,11,11,5,5,11,11,11,11,11,11,11,5,5,11,5,5,11,14,5,14,5,5,5,11,11,14,14,11,5,11,14,14,11,18,14,10,11,11,11,0,11,11,11,14,11,11,14,14,11,11,11,11,11,11,5,5,11,14,13,14,11,10,11,11,11
"SAMN24979396",5,11,11,0,5,7,8,8,8,5,5,5,5,5,5,0,9,9,11,12,11,12,5,5,5,12,11,12,5,5,5,11,5,16,5,5,11,5,5,5,11,11,5,5,11,11,11,11,11,15,16,5,5,16,5,5,17,11,5,11,5,5,5,11,11,11,11,11,5,11,11,11,17,11,11,16,17,17,17,11,0,25,20,11,25,25,11,11,11,17,11,11,17,11,5,5,11,11,10,11,11,10,11,11,11
"SAMN24979397",5,11,11,0,5,7,8,8,8,5,5,5,5,5,5,0,9,9,11,12,11,12,5,5,5,12,11,12,5,5,5,11,5,16,5,5,11,5,5,5,11,11,5,5,11,11,11,11,11,15,16,5,5,16,5,5,17,11,5,11,5,5,5,11,11,11,11,11,5,11,11,11,17,11,11,16,17,17,17,11,25,0,20,11,25,25,11,11,11,17,11,11,17,11,5,5,11,11,10,11,11,10,11,11,11
"SAMN24979398",5,11,11,0,5,7,8,8,8,5,5,5,5,5,5,0,9,9,11,12,11,12,5,5,5,12,11,12,5,5,5,11,5,16,5,5,11,5,5,5,11,11,5,5,11,11,11,11,11,15,16,5,5,16,5,5,17,11,5,11,5,5,5,11,11,11,11,11,5,11,11,11,17,11,11,16,17,17,17,11,20,20,0,11,20,20,11,11,11,17,11,11,17,11,5,5,11,11,10,11,11,10,11,11,11
"SAMN24979400",5,11,11,0,5,7,8,8,8,5,5,5,5,5,5,0,9,9,11,11,11,11,5,5,5,11,11,11,5,5,5,11,5,11,5,5,11,5,5,5,11,11,5,5,11,11,11,11,11,11,11,5,5,11,5,5,11,15,5,14,5,5,5,11,11,14,14,11,5,11,15,14,11,14,14,10,11,11,11,14,11,11,11,0,11,11,16,16,11,11,11,11,11,11,5,5,11,15,15,16,11,10,11,11,11
"SAMN24979401",5,11,11,0,5,7,8,8,8,5,5,5,5,5,5,0,9,9,11,12,11,12,5,5,5,12,11,12,5,5,5,11,5,16,5,5,11,5,5,5,11,11,5,5,11,11,11,11,11,15,16,5,5,16,5,5,17,11,5,11,5,5,5,11,11,11,11,11,5,11,11,11,17,11,11,16,17,17,17,11,25,25,20,11,0,25,11,11,11,17,11,11,17,11,5,5,11,11,10,11,11,10,11,11,11
"SAMN24979402",6,11,11,0,5,7,8,8,8,5,5,5,5,5,5,0,9,9,11,12,11,12,5,5,5,12,11,12,5,5,5,11,5,16,5,6,11,5,5,5,11,11,5,5,11,11,11,11,11,15,16,5,5,16,5,5,17,11,5,11,5,5,5,11,11,11,11,11,5,11,11,11,18,12,12,16,17,17,17,11,25,25,20,11,25,0,12,11,11,17,12,11,17,12,5,5,11,11,10,12,11,10,11,11,12
"SAMN24979404",6,11,11,0,5,7,8,8,8,5,5,5,5,5,5,0,9,9,11,11,11,11,5,5,5,11,11,11,5,5,5,11,5,11,5,6,11,5,5,5,11,11,5,5,11,11,11,11,11,11,11,5,5,11,5,5,11,15,5,14,5,5,5,11,11,14,14,11,5,11,15,14,12,15,15,10,11,11,11,14,11,11,11,16,11,12,0,19,11,11,12,11,11,12,5,5,11,15,15,17,11,10,11,11,12
"SAMN24979405",5,11,11,0,5,7,8,8,8,5,5,5,5,5,5,0,9,9,11,11,11,11,5,5,5,11,11,11,5,5,5,11,5,11,5,5,11,5,5,5,11,11,5,5,11,11,11,11,11,11,11,5,5,11,5,5,11,15,5,14,5,5,5,11,11,14,14,11,5,11,15,14,11,14,14,10,11,11,11,14,11,11,11,16,11,11,19,0,11,11,11,11,11,11,5,5,11,15,15,16,11,10,11,11,11
"SAMN24979406",5,12,11,0,5,7,8,8,8,5,5,5,5,5,5,0,9,9,11,11,11,11,5,5,5,11,11,11,5,5,5,11,5,11,5,5,11,5,5,5,11,11,5,5,11,12,11,11,11,11,11,5,5,11,5,5,11,11,5,11,5,5,5,13,13,11,11,14,5,13,11,11,11,11,11,10,11,11,11,11,11,11,11,11,11,11,11,11,0,11,16,16,11,14,5,5,13,11,10,11,16,13,14,14,14
"SAMN24979409",5,11,11,0,5,7,8,8,8,5,5,5,5,5,5,0,9,9,11,12,11,12,5,5,5,12,11,12,5,5,5,11,5,16,5,5,11,5,5,5,11,11,5,5,11,11,11,11,11,15,16,5,5,16,5,5,17,11,5,11,5,5,5,11,11,11,11,11,5,11,11,11,19,11,11,18,19,19,19,11,17,17,17,11,17,17,11,11,11,0,11,11,19,11,5,5,11,11,10,11,11,10,11,11,11
"SAMN24979410",6,12,11,0,5,7,8,8,8,5,5,5,5,5,5,0,9,9,11,11,11,11,5,5,5,11,11,11,5,5,5,11,5,11,5,6,11,5,5,5,11,11,5,5,11,12,11,11,11,11,11,5,5,11,5,5,11,11,5,11,5,5,5,13,13,11,11,14,5,13,11,11,12,12,12,10,11,11,11,11,11,11,11,11,11,12,12,11,16,11,0,16,11,15,5,5,13,11,10,12,16,13,14,14,15
"SAMN24979412",5,12,11,0,5,7,8,8,8,5,5,5,5,5,5,0,9,9,11,11,11,11,5,5,5,11,11,11,5,5,5,11,5,11,5,5,11,5,5,5,11,11,5,5,11,12,11,11,11,11,11,5,5,11,5,5,11,11,5,11,5,5,5,13,13,11,11,14,5,13,11,11,11,11,11,10,11,11,11,11,11,11,11,11,11,11,11,11,16,11,16,0,11,14,5,5,13,11,10,11,16,13,14,14,14
"SAMN24979413",5,11,11,0,5,7,8,8,8,5,5,5,5,5,5,0,9,9,11,12,11,12,5,5,5,12,11,12,5,5,5,11,5,16,5,5,11,5,5,5,11,11,5,5,11,11,11,11,11,15,16,5,5,16,5,5,17,11,5,11,5,5,5,11,11,11,11,11,5,11,11,11,19,11,11,18,19,19,20,11,17,17,17,11,17,17,11,11,11,19,11,11,0,11,5,5,11,11,10,11,11,10,11,11,11
"SAMN24979415",6,12,11,0,5,7,8,8,8,5,5,5,5,5,5,0,9,9,11,11,11,11,5,5,5,11,11,11,5,5,5,11,5,11,5,6,11,5,5,5,11,11,5,5,11,12,11,11,11,11,11,5,5,11,5,5,11,11,5,11,5,5,5,13,13,11,11,14,5,13,11,11,12,12,12,10,11,11,11,11,11,11,11,11,11,12,12,11,14,11,15,14,11,0,5,5,13,11,10,12,14,13,14,14,15
"SAMN26729711",6,5,5,0,5,5,5,5,5,6,6,6,6,6,6,0,5,5,5,5,5,5,6,6,6,5,5,5,6,6,6,5,6,5,5,6,5,6,6,6,5,5,6,6,5,5,5,5,5,5,5,6,6,5,6,6,5,5,6,5,6,6,6,5,5,5,5,5,6,5,5,5,5,5,5,5,5,5,5,5,5,5,5,5,5,5,5,5,5,5,5,5,5,5,0,6,5,5,5,5,5,5,5,5,5
"SAMN26729714",6,5,5,0,5,5,5,5,5,6,6,6,6,6,6,0,5,5,5,5,5,5,6,6,6,5,5,5,6,6,6,5,6,5,5,6,5,6,6,6,5,5,6,6,5,5,5,5,5,5,5,6,6,5,6,6,5,5,6,5,6,6,6,5,5,5,5,5,6,5,5,5,5,5,5,5,5,5,5,5,5,5,5,5,5,5,5,5,5,5,5,5,5,5,6,0,5,5,5,5,5,5,5,5,5
"SAMN26729715",5,12,11,0,5,7,8,8,8,5,5,5,5,5,5,0,9,9,11,11,11,11,5,5,5,11,11,11,5,5,5,11,5,11,5,5,11,5,5,5,11,11,5,5,11,12,11,11,11,11,11,5,5,11,5,5,11,11,5,11,5,5,5,13,13,11,11,13,5,13,11,11,11,11,11,10,11,11,11,11,11,11,11,11,11,11,11,11,13,11,13,13,11,13,5,5,0,11,10,11,13,12,13,13,13
"SAMN26729717",5,11,11,0,5,7,8,8,8,5,5,5,5,5,5,0,9,9,11,11,11,11,5,5,5,11,11,11,5,5,5,11,5,11,5,5,11,5,5,5,11,11,5,5,11,11,11,11,11,11,11,5,5,11,5,5,11,15,5,14,5,5,5,11,11,14,14,11,5,11,15,14,11,14,14,10,11,11,11,14,11,11,11,15,11,11,15,15,11,11,11,11,11,11,5,5,11,0,14,15,11,10,11,11,11
"SAMN26748218",5,10,10,0,5,7,8,8,8,5,5,5,5,5,5,0,9,9,10,10,10,10,5,5,5,10,10,10,5,5,5,10,5,10,5,5,10,5,5,5,10,10,5,5,10,10,10,10,10,10,10,5,5,10,5,5,10,14,5,13,5,5,5,10,10,13,13,10,5,10,14,13,10,13,13,10,10,10,10,13,10,10,10,15,10,10,15,15,10,10,10,10,10,10,5,5,10,14,0,17,10,9,10,10,10
"SAMN27545026",6,11,11,0,5,7,8,8,8,5,5,5,5,5,5,0,9,9,11,11,11,11,5,5,5,11,11,11,5,5,5,11,5,11,5,6,11,5,5,5,11,11,5,5,11,11,11,11,11,11,11,5,5,11,5,5,11,15,5,14,5,5,5,11,11,14,14,11,5,11,15,14,12,15,15,10,11,11,11,14,11,11,11,16,11,12,17,16,11,11,12,11,11,12,5,5,11,15,17,0,11,10,11,11,12
"SAMN27545034",5,12,11,0,5,7,8,8,8,5,5,5,5,5,5,0,9,9,11,11,11,11,5,5,5,11,11,11,5,5,5,11,5,11,5,5,11,5,5,5,11,11,5,5,11,12,11,11,11,11,11,5,5,11,5,5,11,11,5,11,5,5,5,13,13,11,11,14,5,13,11,11,11,11,11,10,11,11,11,11,11,11,11,11,11,11,11,11,16,11,16,16,11,14,5,5,13,11,10,11,0,13,14,14,14
"SAMN29577044",5,11,10,0,5,7,8,8,8,5,5,5,5,5,5,0,9,9,10,10,10,10,5,5,5,10,10,10,5,5,5,10,5,10,5,5,10,5,5,5,10,10,5,5,10,11,10,10,10,10,10,5,5,10,5,5,10,10,5,10,5,5,5,12,12,10,10,13,5,12,10,10,10,10,10,9,10,10,10,10,10,10,10,10,10,10,10,10,13,10,13,13,10,13,5,5,12,10,9,10,13,0,13,13,13
"SAMN29577052",5,12,11,0,5,7,8,8,8,5,5,5,5,5,5,0,9,9,11,11,11,11,5,5,5,11,11,11,5,5,5,11,5,11,5,5,11,5,5,5,11,11,5,5,11,12,11,11,11,11,11,5,5,11,5,5,11,11,5,11,5,5,5,13,13,11,11,14,5,13,11,11,11,11,11,10,11,11,11,11,11,11,11,11,11,11,11,11,14,11,14,14,11,14,5,5,13,11,10,11,14,13,0,15,15
"SAMN29577053",5,12,11,0,5,7,8,8,8,5,5,5,5,5,5,0,9,9,11,11,11,11,5,5,5,11,11,11,5,5,5,11,5,11,5,5,11,5,5,5,11,11,5,5,11,12,11,11,11,11,11,5,5,11,5,5,11,11,5,11,5,5,5,13,13,11,11,14,5,13,11,11,11,11,11,10,11,11,11,11,11,11,11,11,11,11,11,11,14,11,14,14,11,14,5,5,13,11,10,11,14,13,15,0,15
"SAMN29577054",6,12,11,0,5,7,8,8,8,5,5,5,5,5,5,0,9,9,11,11,11,11,5,5,5,11,11,11,5,5,5,11,5,11,5,6,11,5,5,5,11,11,5,5,11,12,11,11,11,11,11,5,5,11,5,5,11,11,5,11,5,5,5,13,13,11,11,14,5,13,11,11,12,12,12,10,11,11,11,11,11,11,11,11,11,12,12,11,14,11,15,14,11,15,5,5,13,11,10,12,14,13,15,15,0
